{
     "filename": "Superstore/npy_files/Superstore_predictions_fittrain_predtest_complement_approachmulti_splitorders_countFalse_infoTrue.npy",
     "mse": 0.0013296766175311782,
     "neg_log_loss": 0.010579527423228327,
     "Accuracy": 0.8371310012255555,
     "Precision": 0.0005066461262166716,
     "Recall": 0.06156156156156156,
     "F1": 0.0010050210196469354,
     "tn": 1256712,
     "fp": 242650,
     "fn": 1875,
     "tp": 123,
     "top_10_score": 0.0025025025025025025,
     "top_20_score": 0.008008008008008008,
     "top_50_score": 0.018518518518518517,
     "top_100_score": 0.03303303303303303,
     "top_200_score": 0.06656656656656657,
     "top_500_score": 0.23573573573573572
}